doc_id,company,description,file_date,url
ampg,AmpliTech Group,Lease agreement,2019-09-18,https://www.sec.gov/Archives/edgar/data/1518461/000147793219005437/ampg_ex104.htm
fstr,L.B. Foster,Suwanee GA lease,2004-08-12,https://www.sec.gov/Archives/edgar/data/352825/000035282504000006/suwanee.txt
evi,EnviroStar,Lease dated November 1 2014,2014-11-03,https://www.sec.gov/Archives/edgar/data/65312/000091068014000097/ex10_1-f8k11012014.htm
danger,Danger Inc,Turn key datacenter lease,2007-12-19,https://www.sec.gov/Archives/edgar/data/1156378/000119312507268313/dex1028.htm
crm,Salesforce,Office lease dated June 23 2000,2003-12-18,https://www.sec.gov/Archives/edgar/data/1108524/000119312503096073/dex106.htm
digitas,Digitas,Office building lease dated July 26 1999,2005-03-15,https://www.sec.gov/Archives/edgar/data/1100885/000119312505051137/dex1020.htm
vrad,Virtual Radiologic,Lease with 465 Fairchild Holdings,2007-09-17,https://www.sec.gov/Archives/edgar/data/1361579/000119312507201636/dex1064.htm
srcint,Source Interlink,Lease agreement,2006-04-17,https://www.sec.gov/Archives/edgar/data/943605/000095013706004607/c04044exv10w66.txt
ngx,NeurogesX,Lease with Three Sisters Ranch Enterprises,2007-02-07,https://www.sec.gov/Archives/edgar/data/1385830/000119312507022650/dex105.htm
nflx,Netflix,Lease agreement dated August 11 1999,2002-03-06,https://www.sec.gov/Archives/edgar/data/1065280/000101287002001044/dex108.txt
force10,Force10 Networks,Redwood Business Park full service lease,2010-03-02,https://www.sec.gov/Archives/edgar/data/1096241/000119312510045141/dex107.htm
sem,Select Medical,Office lease agreement,2008-07-25,https://www.sec.gov/Archives/edgar/data/1320414/000089322008002153/w62342exv10w76.htm
zltq,Zeltiq Aesthetics,Office building lease,2011-08-17,https://www.sec.gov/Archives/edgar/data/1415336/000119312511225514/dex104.htm
hyex,Healthy Extracts,Warehouse and distribution facility lease,2023-04-11,https://www.sec.gov/Archives/edgar/data/1630176/000109690623000775/hyex_ex10z9.htm
aradyme,Aradyme,Office building lease agreement,2004-12-14,https://www.sec.gov/Archives/edgar/data/1123580/000103883804001153/ex1001form8k120804.txt
cascade,Cascade Microtech,Lease agreement,2009-05-06,https://www.sec.gov/Archives/edgar/data/864559/000119312509101586/dex101.htm
atheros,Atheros Communications,Lease agreement dated April 8 2005,2005-04-18,https://www.sec.gov/Archives/edgar/data/1140486/000119312505077917/dex101.htm
pegasus,Pegasus Solutions,Office lease,2001-11-15,https://www.sec.gov/Archives/edgar/data/1040261/000092623601500218/exh10-24.txt
virtusa,Virtusa,Lease with W9/TIB Real Estate LP,2007-04-06,https://www.sec.gov/Archives/edgar/data/1207074/000095013507002136/b64348vcexv10w3.txt
3do,3DO,Lease agreement,2001-06-29,https://www.sec.gov/Archives/edgar/data/898441/000095000501500257/p13945_ex10-13.txt
