doc_id,field,gold_value,gold_quote,notes
ampg,landlord,"STEPHEN J. FABER, AS TRUSTEE OF THE REVOCABLE TRUST OF STEPHEN J. FABER",STEPHEN J. FABER,
ampg,tenant,"AMPLITECH GROUP, INC. a Nevada Corporation","AMPLITECH GROUP, INC.",
ampg,premises_address,"The building commonly known as 120 Raynor Avenue, Ronkonkoma, New York 11779.","120 RAYNOR AVENUE RONKONKOMA, NY 11779",
ampg,rentable_area_sqft,None,,
ampg,commencement_date,"September 15, 2019",The date upon which Landlord delivers possession of the Premises to Tenant.,
ampg,expiration_date,"September 30, 2024","September 30, 2024",
ampg,initial_monthly_base_rent,"$7,500.00","$90,000.00",
ampg,rent_escalation,Fixed for 3 months then rises 2.5% every year,"$92,700.00",
ampg,renewal_option,none,,
ampg,renewal_notice_months,none,,
ampg,early_termination,none,,
ampg,security_deposit,"$15,000.00",,
fstr,landlord,"SUWANEE CREEK BUSINESS CENTER, LLC, a Delaware limited liability company.",,
fstr,tenant,"LB FOSTER COMPANY, a Pennsylvania corporation",,
fstr,premises_address,"100, 130 Satellite Boulevard NE, Suwanee, Georgia 30024",,
fstr,rentable_area_sqft,"14,000 square feet + 172,800 square feet",,
fstr,commencement_date,"March 1, 2004",,
fstr,expiration_date,"September 30, 2014",,
fstr,initial_monthly_base_rent,"$6,277.00",,
fstr,rent_escalation,none,,
fstr,renewal_option,none,,
fstr,renewal_notice_months,none,,
fstr,early_termination,none,,
fstr,security_deposit,"$6,277.00",,
evi,landlord,"290 NE 68 Street, LLC.",,
evi,tenant,Steiner-Atlantic Corp.,,
evi,premises_address,"290 NE 68th Street, 277 NE 67th Street and 297 NE 67th Street, Miami, FL 33138",,
evi,rentable_area_sqft,"27,000 square feet",,
evi,commencement_date,"November 1, 2014",,
evi,expiration_date,"October 31, 2017",,
evi,initial_monthly_base_rent,"$ 10,275.00",,
evi,rent_escalation,Fixed year 1 rises 2.5% from year 2,,
evi,renewal_option,none,,
evi,renewal_notice_months,none,,
evi,early_termination,none,,
evi,security_deposit,None,,
danger,landlord,"DIGITAL PHOENIX VAN BUREN, LLC",,
danger,tenant,DANGER INC.,,
danger,premises_address,120 EAST VAN BUREN STREET,,
danger,rentable_area_sqft,"5,500 square feet",,
danger,commencement_date,10/25/2007,,
danger,expiration_date,none,,
danger,initial_monthly_base_rent,"$41,250.00",,
danger,rent_escalation,none,,
danger,renewal_option,none,,
danger,renewal_notice_months,none,,
danger,early_termination,none,,
danger,security_deposit,"$81,131.00",,
crm,landlord,"TMG/ONE MARKET, L.P.  And CROSSMARKET, LLC",,
crm,tenant,"SALESFORCE.COM, INC.",,
crm,premises_address,"THE LANDMARK @ ONE MARKET San Francisco, California",,
crm,rentable_area_sqft,none,,
crm,commencement_date,"October 21, 2000",,
crm,expiration_date,"October 21, 2010",,
crm,initial_monthly_base_rent,"the Preliminary Base Rent for any portion of the Premises located on the First Floor Portion shall be $54.00/square foot, (ii) the Initial Base Rent for any portion of the Premises located on the First Floor Portion shall be $56.00/square foot, (iii) the Middle Base Rent for any portion of the Premises located on the First Floor Portion shall be $59.00/square foot, and (iv) the Final Base Rent for any portion of the Premises located on the First Floor Portion shall be $60.00/square foot. In addition, the Security Deposit shall be reduced as set forth in the Lease utilizing the revised rent structure for the First Floor Portion.",,
crm,rent_escalation,none,,
crm,renewal_option,none,,
crm,renewal_notice_months,none,,
crm,early_termination,none,,
crm,security_deposit,"$3,500,000.00",,
digitas,landlord,CEP INVESTORS XII LLC,,
digitas,tenant,"MODEM MEDIA.POPPE TYSON, INC.",,
digitas,premises_address,"111 Sutter Street, San Francisco, California  Leased Premises:  Approximately 63,349 square feet consisting of the entire 12th, 13th, 14th, 15th, and 16th floors of the Building",,
digitas,rentable_area_sqft,"Approximately 63,349 rentable square feet",,
digitas,commencement_date,09/22/1999,,
digitas,expiration_date,The last day of the one hundred twenty-fourth (124th) month after the Term Commencement Date,,
digitas,initial_monthly_base_rent,"$295,232.00",,
digitas,rent_escalation,"Months 61 to 124 (November 22, 2004 to March 21, 2010) = $134,052.50 per month/$1,608,630.00 per annum based on $43.00 per rentable square foot (37,410 rentable square feet)",,
digitas,renewal_option,Number of Extension Periods: One (1)  Years per Extension Period: Five (5),,
digitas,renewal_notice_months,not later than twelve (12) months prior to the Term Expiration Date,,
digitas,early_termination,none,,
digitas,security_deposit,"$1,977,000.00",,
vrad,landlord,"465 FAIRCHILD HOLDINGS, LLC, a California limited liability company",,
vrad,tenant,"VIRTUAL RADIOLOGIC CORPORATION, a Delaware corporation",,
vrad,premises_address,"Suite Rentable Square Footage  203 2,442 r.s.f.  BUILDING:  465 Fairchild Drive Mountain View, CA 94043",,
vrad,rentable_area_sqft,"203 2,442 r.s.f.",,
vrad,commencement_date,09/1/2007,,
vrad,expiration_date,08/30/2012,,
vrad,initial_monthly_base_rent,"$4,395.60",,
vrad,rent_escalation,"(ii) For the period commencing on the 1-Year Anniversary through the day immediately preceding the first day of the calendar month in which the second annual anniversary of the Commencement Date occurs (the “2-Year Anniversary”);  $4,571.42 (per month); $54,857.04 (per year);  (iii) For the period commencing on the 2-Year Anniversary through the day immediately preceding the first day of the calendar month in which the third annual anniversary of the Commencement Date occurs (the “3-Year Anniversary”);  $4,754.28 (per month); $57,051.36 (per year);  (iv) For the period commencing on the 3-Year Anniversary through the day immediately preceding the first day of the calendar month in which the fourth annual anniversary of the Commencement Date occurs (the “4-Year Anniversary”); and  $4,944.45 (per month); $59,333.40 (per year);  (v) For the period commencing on the 4-Year Anniversary of the Commencement Date through the Expiration Date.  $5,142.23 (per month); $61,706.76 (per year);",,
vrad,renewal_option,"Renewal Option (Rider No. 1 to Lease) for one (1), five (5) year terms",,
vrad,renewal_notice_months,"gives Landlord written notice of such election (the “Option Notice”) not earlier than twelve (12) months, and not later than nine (9) months, before the expiration of the Term of this Lease; ",,
vrad,early_termination,none,,
vrad,security_deposit,"$5,000.00",,
srcint,landlord,HIGH PROPERTIES,,
srcint,tenant,"THE CHAS. LEVY CIRCULATING COMPANY, LLC",,
srcint,premises_address,"1850 COLONIAL VILLAGE LANE LANCASTER, PENNSYLVANIA 17601",,
srcint,rentable_area_sqft,"105,600 Square Feet",,
srcint,commencement_date,"July 1, 2000",,
srcint,expiration_date,"August 31, 2005",,
srcint,initial_monthly_base_rent,"$31,200",,
srcint,rent_escalation,"Monthly Base Rent: July 1, 2000 to August 31,2000 - NO RENT DUE September 1, 2000 to August 31, 2001 - $35,024.00 - $3.98 psf  2  September 1, 2001 to August 31, 2002 - $35,904.00 - $4.08 psf September 1, 2002 to August 31, 2003 - $36,784.00 - $4.18 psf September 1, 2003 to August 31, 2004 - $37,664.00 - $4.28 psf September 1, 2004 to August 31, 2005 - $38,544.00 - $4.38 psf",,
srcint,renewal_option,none,,
srcint,renewal_notice_months,none,,
srcint,early_termination,"Contingency: This lease agreement is contingent upon Landlord receiving an acceptable Lease Termination Agreement from current tenant by March 15, 2000",,
srcint,security_deposit,"$35,024.00",,
ngx,landlord,Three Sisters Ranch Enterprises LLC,,
ngx,tenant,"Advanced Analgesics, Inc., a California corporation",,
ngx,premises_address,"969 Industrial Road, Suite C, San Carlos, California",,
ngx,rentable_area_sqft,"That approximately 4,812± square feet",,
ngx,commencement_date,"August 15, 2000",,
ngx,expiration_date,"August 31, 2003",,
ngx,initial_monthly_base_rent,"$21,654.00",,
ngx,rent_escalation,"Months 13 - 24: $4.68/sq.ft/mo. NNN = $22,520.16/mo. Months 25 - 36: $4.87/sq.ft/mo. NNN = $23,434.44/mo.",,
ngx,renewal_option,"40. In the event that Landlord now or hereafter provides Tenant with any option to renew this Lease for any additional period after the expiration of the Term, Tenant shall not have the right to exercise such option if (a) Tenant is in default of any terms of the Lease at the time that Tenant’s right to exercise the option is in effect, (b) Tenant has been in default of any terms of the Lease three (3) or more times during the Term of the Lease, or (c) Tenant has assigned this Lease or sublet the Premises or any portion thereof with or without the consent of Landlord.",,
ngx,renewal_notice_months,none,,
ngx,early_termination,none,,
ngx,security_deposit,"$23,500",,
nflx,landlord,"LINCOLN-RECP OLD OAKLAND OPCO, LLC, a Delaware limited liability company",,
nflx,tenant,"NetFlix.com, a Delaware corporation",,
nflx,premises_address,"2219 Old Oakland Road San Jose, California 95131-1402",,
nflx,rentable_area_sqft,"Approximately 31,830 rentable square feet as shown on Exhibit A",,
nflx,commencement_date,"November 1, 1999",,
nflx,expiration_date,"October 31, 2004",,
nflx,initial_monthly_base_rent,"$36,605.00",,
nflx,rent_escalation,"Adjustment to Base Rent: November 1, 2000 $38,196.00 November 1, 2001 $39,788.00 November 1, 2002 $41,379.00 November 1, 2003 $42,971.00",,
nflx,renewal_option,none,,
nflx,renewal_notice_months,none,,
nflx,early_termination,"Notwithstanding the foregoing to the contrary, (A) in the event that for reasons other than the occurrence of a Force Majeure Delay (as hereinafter defined) or a Tenant Delay (as hereinafter defined) the substantial completion of the Tenant Improvements (""T.I. Completion"") has not occurred by the date which is one hundred twenty (120) days after the date the Lease is fully executed (""Termination Date""), Tenant may elect to terminate the Lease. Termination of the Lease by Tenant as provided for herein shall be the sole and exclusive remedy of Tenant for Landlord's failure to deliver the Premises. Tenant shall exercise the right to terminate provided for herein by giving Landlord written notice of its intent to so terminate (""Termination Notice""). The Termination Notice shall be given, if at all, on or before the date which is five (5) days after the Termination Date. Termination of the Lease shall he effective sixty (GO) days after Landlord's receipt of the Termination Notice. In the event that Tenant gives the Termination Notice, and in the further event that during such sixty (60) day period, the TI Completion Date occurs, the Tenant shall not be",,
nflx,security_deposit,"$219,630.00",,
force10,landlord,"G & W/Copley Redwood Business Park, L.P., a limited partnership",,
force10,tenant,"Turin Networks, Inc., a California corporation",,
force10,premises_address,"a. Project  Redwood Business Park  Paragraph 1  b. Building  1415 N. McDowell Blvd.  c. Address  1415 N. McDowell Blvd.  d. Assessor’s Parcel #  047-360-021  e. Suite  A  f. Usable Sq. Ft.  28,190  g. Rentable Sq. Ft.  31,010",,
force10,rentable_area_sqft,"31,010",,
force10,commencement_date,10/1/1999,,
force10,expiration_date,10/1/2006,,
force10,initial_monthly_base_rent,"$11,800",,
force10,rent_escalation,"Premises v. Building Sq.Ft. Ratio  Yrs 1 & 2 25,000/31,010 = 81% Yrs 3 – 7 31,010/31,010 = 100%  c. Premises v. Project Sq.Ft. Ratio  Yrs 1 & 2 25,000/72,290 = 35% Yrs 3 – 7 31,010/72,290 = 43%",,
force10,renewal_option,none,,
force10,renewal_notice_months,none,,
force10,early_termination,none,,
force10,security_deposit,"$28,200",,
sem,landlord,Old Gettysburg Associates,,
sem,tenant,Select Medical Corporation,,
sem,premises_address,"Executive Park West I, 4718 Old Gettysburg Rd, Mechanicsburg, PA 17055, Suite 201",,
sem,rentable_area_sqft,"36,626",,
sem,commencement_date,3/1/07,,
sem,expiration_date,2/28/12,,
sem,initial_monthly_base_rent,"$2,494.63",,
sem,rent_escalation,none,,
sem,renewal_option,none,,
sem,renewal_notice_months,none,,
sem,early_termination,none,,
sem,security_deposit,0,,
zltq,landlord,,,
zltq,tenant,,,
zltq,premises_address,,,
zltq,rentable_area_sqft,,,
zltq,commencement_date,,,
zltq,expiration_date,,,
zltq,initial_monthly_base_rent,,,
zltq,rent_escalation,,,
zltq,renewal_option,,,
zltq,renewal_notice_months,,,
zltq,early_termination,,,
zltq,security_deposit,,,
hyex,landlord,,,
hyex,tenant,,,
hyex,premises_address,,,
hyex,rentable_area_sqft,,,
hyex,commencement_date,,,
hyex,expiration_date,,,
hyex,initial_monthly_base_rent,,,
hyex,rent_escalation,,,
hyex,renewal_option,,,
hyex,renewal_notice_months,,,
hyex,early_termination,,,
hyex,security_deposit,,,
aradyme,landlord,,,
aradyme,tenant,,,
aradyme,premises_address,,,
aradyme,rentable_area_sqft,,,
aradyme,commencement_date,,,
aradyme,expiration_date,,,
aradyme,initial_monthly_base_rent,,,
aradyme,rent_escalation,,,
aradyme,renewal_option,,,
aradyme,renewal_notice_months,,,
aradyme,early_termination,,,
aradyme,security_deposit,,,
cascade,landlord,,,
cascade,tenant,,,
cascade,premises_address,,,
cascade,rentable_area_sqft,,,
cascade,commencement_date,,,
cascade,expiration_date,,,
cascade,initial_monthly_base_rent,,,
cascade,rent_escalation,,,
cascade,renewal_option,,,
cascade,renewal_notice_months,,,
cascade,early_termination,,,
cascade,security_deposit,,,
atheros,landlord,,,
atheros,tenant,,,
atheros,premises_address,,,
atheros,rentable_area_sqft,,,
atheros,commencement_date,,,
atheros,expiration_date,,,
atheros,initial_monthly_base_rent,,,
atheros,rent_escalation,,,
atheros,renewal_option,,,
atheros,renewal_notice_months,,,
atheros,early_termination,,,
atheros,security_deposit,,,
pegasus,landlord,,,
pegasus,tenant,,,
pegasus,premises_address,,,
pegasus,rentable_area_sqft,,,
pegasus,commencement_date,,,
pegasus,expiration_date,,,
pegasus,initial_monthly_base_rent,,,
pegasus,rent_escalation,,,
pegasus,renewal_option,,,
pegasus,renewal_notice_months,,,
pegasus,early_termination,,,
pegasus,security_deposit,,,
virtusa,landlord,,,
virtusa,tenant,,,
virtusa,premises_address,,,
virtusa,rentable_area_sqft,,,
virtusa,commencement_date,,,
virtusa,expiration_date,,,
virtusa,initial_monthly_base_rent,,,
virtusa,rent_escalation,,,
virtusa,renewal_option,,,
virtusa,renewal_notice_months,,,
virtusa,early_termination,,,
virtusa,security_deposit,,,
3do,landlord,,,
3do,tenant,,,
3do,premises_address,,,
3do,rentable_area_sqft,,,
3do,commencement_date,,,
3do,expiration_date,,,
3do,initial_monthly_base_rent,,,
3do,rent_escalation,,,
3do,renewal_option,,,
3do,renewal_notice_months,,,
3do,early_termination,,,
3do,security_deposit,,,