doc_id,field,predicted,gold,confidence,model_confidence,citation,flag,auto_verdict,detail,human_verdict,final_verdict
ampg,landlord,"Stephen J. Faber, as Trustee of the Revocable Trust of Stephen J. Faber dated August 29, 2017","STEPHEN J. FABER, AS TRUSTEE OF THE REVOCABLE TRUST OF STEPHEN J. FABER",high,high,exact,,correct,contained,,correct
ampg,tenant,"Amplitech Group, Inc., a Nevada corporation","AMPLITECH GROUP, INC. a Nevada Corporation",high,high,exact,,correct,,,correct
ampg,premises_address,"120 Raynor Avenue, Ronkonkoma, New York 11779 (the Land and the Building; no suite/floor – single-tenant building)","The building commonly known as 120 Raynor Avenue, Ronkonkoma, New York 11779.",high,high,exact,,wrong,"numbers differ [1.0, 120.0, 11779.0] vs [120.0, 11779.0]",correct,correct
ampg,rentable_area_sqft,,None,high,high,no_quote,,both_blank,,,both_blank
ampg,commencement_date,"September 15, 2019","September 15, 2019",high,high,exact,,correct,,,correct
ampg,expiration_date,"September 30, 2024","September 30, 2024",high,high,exact,,correct,,,correct
ampg,initial_monthly_base_rent,"$7,500.00 per month ($90,000.00 per annum) for 9/15/2019 to 12/31/2019","$7,500.00",medium,high,exact,value not visible in quote (derived or calculated),correct,,,correct
ampg,rent_escalation,"Stepped schedule in Exhibit B: $7,500/mo through 12/31/2020; $7,725.00/mo from 1/1/2021; $7,956.75 from 1/1/2022; $8,195.45 from 1/1/2023; $8,441.31 from 1/1/2024 to 9/30/2024 (approx. 3% annual increases from 2021). Tenant also pays Additional Rent for its share of Real Estate Tax increases over 2019 base year taxes.",Fixed for 3 months then rises 2.5% every year,medium,high,exact,value not visible in quote (derived or calculated),wrong,"numbers differ [1.0, 3.0, 9.0, 12.0, 30.0, 31.0, 2019.0, 2020.0, 2021.0, 2022.0, 2023.0, 2024.0, 7500.0, 7725.0, 7956.75, 8195.45, 8441.31] vs [2.5, 3.0]",correct,correct
ampg,renewal_option,None,none,medium,medium,no_quote,,both_blank,,,both_blank
ampg,renewal_notice_months,None,none,medium,medium,no_quote,,both_blank,,,both_blank
ampg,early_termination,"No discretionary early termination right for Tenant. Tenant may terminate only on casualty/condemnation events: (i) if Premises substantially destroyed and Tenant finds rebuilding uneconomic (notice within 60 days of casualty, Section 14.4); (ii) if Landlord fails to substantially repair within 9 months of casualty notice (Tenant notice within 30 days after that period, Section 14.5); (iii) condemnation that adversely impedes access or Tenant's ability to operate (Sections 15.2/15.3). No termination fee is stated.",none,medium,medium,exact,,both_blank,,,both_blank
ampg,security_deposit,"$15,000.00","$15,000.00",high,high,exact,,correct,,,correct
crm,landlord,"TMG/ONE MARKET, L.P., a Delaware limited partnership","TMG/ONE MARKET, L.P.  And CROSSMARKET, LLC",high,high,exact,,correct,"numbers match, fuzzy 0.56",,correct
crm,tenant,"SALESFORCE.COM, INC., a Delaware corporation","SALESFORCE.COM, INC.",high,high,exact,,partial,one answer is a fragment of the other,,partial
crm,premises_address,"The Landmark @ One Market, One Market Street, San Francisco, California. Premises are portions of the 3rd floor (Bayside), 4th floor (Cityside) and 1st floor, plus basement storage space. No suite number is given.","THE LANDMARK @ ONE MARKET San Francisco, California",medium,high,whitespace,value not visible in quote (derived or calculated),wrong,"numbers differ [1.0, 3.0, 4.0] vs [1.0]",correct,correct
crm,rentable_area_sqft,"46,901 square feet (3rd floor 28,583; 4th floor 13,562; 1st floor 4,756), excluding about 3,500 sq ft of basement storage",none,medium,high,exact,value not visible in quote (derived or calculated),false_positive,gold says not present,correct,correct
crm,commencement_date,"May 1, 2001 (Commencement Date). Possession Date was January 15, 2001.","October 21, 2000",medium,medium,exact,,wrong,"numbers differ [1.0, 15.0, 2001.0] vs [21.0, 2000.0]",correct,correct
crm,expiration_date,"May 1, 2011 (ten years from the Commencement Date), excluding the 5-year extension option","October 21, 2010",medium,medium,whitespace,,wrong,"numbers differ [1.0, 5.0, 10.0, 2011.0] vs [21.0, 2010.0]",correct,correct
crm,initial_monthly_base_rent,"$329,239.30 per month, the first period in the operative Amended and Restated Base Rent schedule (Sept 1, 2003 to Jan 31, 2004)","the Preliminary Base Rent for any portion of the Premises located on the First Floor Portion shall be $54.00/square foot, (ii) the Initial Base Rent for any portion of the Premises located on the First Floor Portion shall be $56.00/square foot, (iii) the Middle Base Rent for any portion of the Premises located on the First Floor Portion shall be $59.00/square foot, and (iv) the Final Base Rent for any portion of the Premises located on the First Floor Portion shall be $60.00/square foot. In addition, the Security Deposit shall be reduced as set forth in the Lease utilizing the revised rent structure for the First Floor Portion.",low,low,exact,,wrong,329239.3 vs 54.0,correct,correct
crm,rent_escalation,"Stepped annual schedule (Schedule 1 to the Amended BLI). Monthly rent steps down in early 2004 after the first-floor surrender. Annual rent is $3,629,440.14 for May 2004 to Apr 2005, $3,784,162.78 for May 2005 to Apr 2008, $3,858,059.75 for May 2008 to Apr 2009, and $3,826,075.97 for May 2009 to Apr 2011. Extended Term rent is the greater of the prior rent or fair market rent.",none,medium,medium,whitespace,,false_positive,gold says not present,correct,correct
crm,renewal_option,"One option to extend the Initial Term for 5 years. Rent is the greater of the prior rent or 100% of fair market rent. Tenant must also exercise the corresponding Annex Lease option at the same time, and no default may exist.",none,medium,high,exact,value not visible in quote (derived or calculated),false_positive,gold says not present,correct,correct
crm,renewal_notice_months,12 months before expiration of the Initial Term,none,high,high,exact,,false_positive,gold says not present,correct,correct
crm,early_termination,No voluntary early termination right for Tenant. Tenant can terminate only in limited cases: (1) after material casualty damage when repairs would finish in the last 12 months of the term (notice within 90 days); and (2) after a partial condemnation that materially impairs its use (notice within 30 days). No termination fee is stated.,none,medium,medium,exact,,both_blank,,,both_blank
crm,security_deposit,"$3,500,000.00, in cash or, at Tenant's option, a letter of credit. It may be reduced after an IPO and on meeting financial tests.","$3,500,000.00",high,high,exact,,correct,,,correct
danger,landlord,"Digital Phoenix Van Buren, LLC, a Delaware limited liability company","DIGITAL PHOENIX VAN BUREN, LLC",high,high,exact,,partial,one answer is a fragment of the other,,partial
danger,tenant,"DANGER Inc., a Delaware corporation",DANGER INC.,high,high,exact,,wrong,fuzzy 0.52,,wrong
danger,premises_address,"Datacenter Suite 130, 120 East Van Buren Street, Phoenix, Arizona (cage of approx. 5,500 sq ft within the Datacenter, plus Pathway to the Meet-Me Room)",120 EAST VAN BUREN STREET,medium,high,exact,value not visible in quote (derived or calculated),partial,one answer is a fragment of the other,correct,correct
danger,rentable_area_sqft,"Approximately 2,750 sq ft at the Commencement Date (Premises-A), expanding to approximately 5,500 sq ft from the first day of month 7","5,500 square feet",medium,medium,whitespace,,wrong,2750.0 vs 5500.0,correct,correct
danger,commencement_date,"Conditional: the date on which Landlord completes Site Commissioning/Turn-Up (Level 5 Commissioning) and delivers possession of the Tenant Space with Landlord's Installations complete. Target Commencement Date is November 1, 2007 (commercially reasonable efforts only); Landlord confirms by Commencement Date Notice.",10/25/2007,low,low,exact,,wrong,"numbers differ [1.0, 5.0, 2007.0] vs [10.0, 25.0, 2007.0]",correct,correct
danger,expiration_date,"48 full calendar months after the Commencement Date (no fixed date, because the Commencement Date is conditional)",none,low,low,exact,,false_positive,gold says not present,correct,correct
danger,initial_monthly_base_rent,"$41,250.00 per month for months 1-6 (Premises-A only)","$41,250.00",high,high,exact,,correct,,,correct
danger,rent_escalation,"Stepped schedule: $41,250/mo (months 1-6); $82,500/mo (months 7-12, after expansion to Premises-B); $84,975/mo (months 13-24); $87,524/mo (months 25-36); $90,150/mo (months 37-48). Rent steps up early to the next level if Tenant exceeds the Electricity Consumption Threshold 3 times in any 5-day period. During the Extension Term, Base Rent rises each year to 103% of the prior year's Base Rent.",none,medium,high,exact,value not visible in quote (derived or calculated),false_positive,gold says not present,correct,correct
danger,renewal_option,"One (1) Extension Option for a 48-month Extension Term, covering the entire Tenant Space, on the same terms, with Base Rent at 103% of the prior year's Base Rent for each year of the extension.",none,medium,high,exact,value not visible in quote (derived or calculated),false_positive,gold says not present,correct,correct
danger,renewal_notice_months,At least 9 months (and not more than 12 months) before the expiration date of the Term,none,high,high,whitespace,,false_positive,gold says not present,correct,correct
danger,early_termination,"No termination-for-convenience or fee-based early termination right. Tenant has only contingent termination rights. (1) It may terminate if the Commencement Date Conditions have not occurred before December 31, 2007 (subject to Tenant Delay/Force Majeure). (2) It may terminate for a Chronic Outage (3 or more Interruptions of Landlord's Services of 12+ consecutive hours within 12 months) or a Continuous Outage (30 consecutive days) by notice within 5 business days of the occurrence. Tenancy then continues for 180 days, or less on 90 days' notice. (3) It may terminate after a Casualty if the Stated Restoration Period exceeds 90 days or Landlord fails to restore on time. No termination fee is stated.",none,medium,medium,exact,,both_blank,,,both_blank
danger,security_deposit,"$81,131.00, as either a cash security deposit or a letter of credit, to be provided within 30 days after the Effective Date","$81,131.00",medium,high,exact,value not visible in quote (derived or calculated),correct,,,correct
digitas,landlord,"CEP Investors XII LLC, a Delaware limited liability company",CEP INVESTORS XII LLC,high,high,exact,,partial,one answer is a fragment of the other,,partial
digitas,tenant,"Modem Media.Poppe Tyson, Inc., a Delaware corporation","MODEM MEDIA.POPPE TYSON, INC.",high,high,exact,,correct,contained,,correct
digitas,premises_address,"111 Sutter Street, San Francisco, California (zip 94104 per Tenant's address); entire 12th, 13th, 14th, 15th and 16th floors","111 Sutter Street, San Francisco, California  Leased Premises:  Approximately 63,349 square feet consisting of the entire 12th, 13th, 14th, 15th, and 16th floors of the Building",medium,high,exact,value not visible in quote (derived or calculated),wrong,"numbers differ [12.0, 13.0, 14.0, 15.0, 16.0, 111.0, 94104.0] vs [12.0, 13.0, 14.0, 15.0, 16.0, 111.0, 63349.0]",correct,correct
digitas,rentable_area_sqft,"63,349 rentable square feet","Approximately 63,349 rentable square feet",high,high,exact,,correct,,,correct
digitas,commencement_date,"Conditional: the earlier of (i) the later of (a) November 22, 1999 or (b) Substantial Completion of the Landlord Improvements for the 15th and 16th floors, or (ii) Substantial Completion of the Tenant Improvements and Landlord Improvements for the 15th and 16th floors. The rent schedule assumes November 22, 1999.",09/22/1999,low,low,exact,,wrong,"numbers differ [15.0, 16.0, 22.0, 1999.0] vs [9.0, 22.0, 1999.0]",correct,correct
digitas,expiration_date,"Last day of the 124th month after the Term Commencement Date. The rent schedule shows March 21, 2010, assuming a November 22, 1999 commencement.",The last day of the one hundred twenty-fourth (124th) month after the Term Commencement Date,low,low,whitespace,,wrong,"numbers differ [21.0, 22.0, 124.0, 1999.0, 2010.0] vs [1.0, 124.0]",correct,correct
digitas,initial_monthly_base_rent,"$214,530.58 per month for all five floors during months 1-60 ($121,582.50 for floors 14-16 plus $92,948.08 for floors 12-13). Rent starts later on floors 14 and 12-13, so the amount actually payable at commencement is lower.","$295,232.00",low,low,exact,,wrong,214530.58 vs 295232.0,correct,correct
digitas,rent_escalation,"Stepped schedule: one step-up at month 61 (about Nov 22, 2004). Floors 14-16 go from $39.00 to $43.00/RSF ($121,582.50 to $134,052.50 per month). Floors 12-13 go from $43.00 to $47.00/RSF ($92,948.08 to $101,594.42 per month). Tenant also pays its share of Basic Operating Cost increases over Base Year 2000, starting in the 2001 Computation Year.","Months 61 to 124 (November 22, 2004 to March 21, 2010) = $134,052.50 per month/$1,608,630.00 per annum based on $43.00 per rentable square foot (37,410 rentable square feet)",medium,high,exact,value not visible in quote (derived or calculated),wrong,"numbers differ [1.0, 12.0, 13.0, 14.0, 16.0, 22.0, 39.0, 43.0, 47.0, 61.0, 2000.0, 2001.0, 2004.0, 92948.08, 101594.42, 121582.5, 134052.5] vs [21.0, 22.0, 43.0, 61.0, 124.0, 2004.0, 2010.0, 37410.0, 134052.5, 1608630.0]",correct,correct
digitas,renewal_option,"One (1) option to extend for five (5) years. Option Term rent is the greater of the Base Rent at expiry or fair market rent (FMRR), set by sealed-envelope baseball arbitration if not agreed. The option is not properly exercised if Tenant is in default, has assigned the lease (other than to an affiliate or subsidiary), or occupies less than 50% of the premises.",Number of Extension Periods: One (1)  Years per Extension Period: Five (5),medium,high,exact,value not visible in quote (derived or calculated),wrong,"numbers differ [1.0, 5.0, 50.0] vs [1.0, 5.0]",correct,correct
digitas,renewal_notice_months,12 months before the Term Expiration Date,not later than twelve (12) months prior to the Term Expiration Date,high,high,exact,,correct,,,correct
digitas,early_termination,"No general right for Tenant to terminate early at will, and no termination fee provision. The only Tenant cancellation right is pre-commencement: if physical possession of the 15th and 16th floors is not delivered by February 1, 2000 (excluding Tenant Delay and up to 90 days of force-majeure delay), Tenant may cancel by written notice within 10 days. Tenant may also terminate on casualty or condemnation (Sections 7.06 and 7.07).",none,medium,medium,whitespace,,both_blank,,,both_blank
digitas,security_deposit,"$1,977,000.00; a $1,102,000.00 letter of credit was previously paid and Tenant pays the balance on execution. A letter of credit is permitted in lieu of cash. The amount can be reduced after year 3 and after year 8 if Tenant meets profitability tests.","$1,977,000.00",medium,high,exact,value not visible in quote (derived or calculated),correct,,,correct
evi,landlord,"290 NE 68 Street, LLC.","290 NE 68 Street, LLC.",high,high,exact,,correct,,,correct
evi,tenant,Steiner-Atlantic Corp.,Steiner-Atlantic Corp.,high,high,exact,,correct,,,correct
evi,premises_address,"290 NE 68th Street, 277 NE 67th Street and 297 NE 67th Street, Miami, FL 33138 (three contiguous buildings; no suite/floor given)","290 NE 68th Street, 277 NE 67th Street and 297 NE 67th Street, Miami, FL 33138",high,high,exact,,correct,contained,,correct
evi,rentable_area_sqft,"Approximately 27,000 sq ft of building area (more or less)","27,000 square feet",medium,medium,exact,,correct,,,correct
evi,commencement_date,"November 1, 2014","November 1, 2014",high,high,exact,,correct,,,correct
evi,expiration_date,"October 31, 2017","October 31, 2017",high,high,exact,,correct,,,correct
evi,initial_monthly_base_rent,"$10,275.00 per month (Lease Year 1)","$ 10,275.00",high,high,exact,,correct,,,correct
evi,rent_escalation,"Stepped schedule: Year 1 $10,275/month; Year 2 $10,580/month; Year 3 $10,900/month",Fixed year 1 rises 2.5% from year 2,medium,high,exact,value not visible in quote (derived or calculated),wrong,"numbers differ [1.0, 2.0, 3.0, 10275.0, 10580.0, 10900.0] vs [1.0, 2.0, 2.5]",correct,correct
evi,renewal_option,None,none,medium,high,no_quote,value not visible in quote (derived or calculated),both_blank,,,both_blank
evi,renewal_notice_months,None,none,medium,high,no_quote,value not visible in quote (derived or calculated),both_blank,,,both_blank
evi,early_termination,None,none,medium,medium,no_quote,,both_blank,,,both_blank
evi,security_deposit,None,None,high,high,exact,,both_blank,,,both_blank
force10,landlord,"Redwood Business Park I, LLC, a Delaware limited liability company (successor to original landlord G & W/Copley Redwood Business Park, L.P.)","G & W/Copley Redwood Business Park, L.P., a limited partnership",medium,medium,whitespace,,wrong,fuzzy 0.39,correct,correct
force10,tenant,"Turin Networks, Inc., a California corporation","Turin Networks, Inc., a California corporation",high,high,exact,,correct,,,correct
force10,premises_address,"1415 N. McDowell Blvd., Suite A, Petaluma, California 94954 (Redwood Business Park)","a. Project  Redwood Business Park  Paragraph 1  b. Building  1415 N. McDowell Blvd.  c. Address  1415 N. McDowell Blvd.  d. Assessor’s Parcel #  047-360-021  e. Suite  A  f. Usable Sq. Ft.  28,190  g. Rentable Sq. Ft.  31,010",medium,high,whitespace,value not visible in quote (derived or calculated),wrong,"numbers differ [1415.0, 94954.0] vs [1.0, 21.0, 47.0, 360.0, 1415.0, 28190.0, 31010.0]",correct,correct
force10,rentable_area_sqft,"31,010 rentable sq. ft.","31,010",high,high,exact,,correct,,,correct
force10,commencement_date,"October 4, 1999",10/1/1999,high,high,exact,,wrong,1999-10-04 vs 1999-10-01,correct,correct
force10,expiration_date,"November 30, 2010",10/1/2006,high,high,exact,,wrong,2010-11-30 vs 2006-10-01,correct,correct
force10,initial_monthly_base_rent,"Original lease: free rent in Lease Months 1-3, then $11,800 per month in Months 4-12. Rent has since been superseded; the currently operative rent is $41,863.50 per month from Dec 1, 2004.","$11,800",medium,medium,exact,,wrong,1.0 vs 11800.0,correct,correct
force10,rent_escalation,"Stepped annual schedule under the Second Amendment, rising about 3% each Dec 1: $41,863.50 (Dec 2004-Nov 2005); $43,119.41; $44,412.99; $45,745.38; $47,117.74; $48,531.27 (Dec 2009-Nov 2010). Full service rent, with Tenant paying its share of increases in taxes and operating expenses over a 2000 base year.","Premises v. Building Sq.Ft. Ratio  Yrs 1 & 2 25,000/31,010 = 81% Yrs 3 – 7 31,010/31,010 = 100%  c. Premises v. Project Sq.Ft. Ratio  Yrs 1 & 2 25,000/72,290 = 35% Yrs 3 – 7 31,010/72,290 = 43%",medium,medium,exact,,wrong,"numbers differ [1.0, 3.0, 2000.0, 2004.0, 2005.0, 2009.0, 2010.0, 41863.5, 43119.41, 44412.99, 45745.38, 47117.74, 48531.27] vs [1.0, 2.0, 3.0, 7.0, 35.0, 43.0, 81.0, 100.0, 25000.0, 31010.0, 72290.0]",correct,correct
force10,renewal_option,None,none,medium,medium,no_quote,,both_blank,,,both_blank
force10,renewal_notice_months,None,none,medium,medium,no_quote,,both_blank,,,both_blank
force10,early_termination,None. The lease grants no tenant right to terminate early for convenience.,none,medium,medium,no_quote,,both_blank,,,both_blank
force10,security_deposit,"$28,200","$28,200",high,high,exact,,correct,,,correct
fstr,landlord,"Suwanee Creek Business Center, LLC, a Delaware limited liability company","SUWANEE CREEK BUSINESS CENTER, LLC, a Delaware limited liability company.",high,high,exact,,correct,,,correct
fstr,tenant,"LB Foster Company, a Pennsylvania corporation","LB FOSTER COMPANY, a Pennsylvania corporation",high,high,exact,,correct,,,correct
fstr,premises_address,"Suite A, Building 100, 130 Satellite Boulevard NE, Suwanee, Georgia 30024","100, 130 Satellite Boulevard NE, Suwanee, Georgia 30024",high,high,exact,,correct,contained,,correct
fstr,rentable_area_sqft,"Approximately 14,000 square feet (more or less) of building area","14,000 square feet + 172,800 square feet",medium,medium,exact,,correct,,,correct
fstr,commencement_date,"March 1, 2004 (per Basic Lease Information), subject to postponement under sections 2.1/2.2 if possession or substantial completion of Landlord's improvements is later","March 1, 2004",medium,medium,exact,,partial,one answer is a fragment of the other,correct,correct
fstr,expiration_date,"September 30, 2014 (127-month term), subject to extension if the Commencement Date is postponed","September 30, 2014",medium,medium,exact,,partial,one answer is a fragment of the other,correct,correct
fstr,initial_monthly_base_rent,"$6,277.00 per month for 03/01/04 - 02/28/05","$6,277.00",high,high,exact,,correct,,,correct
fstr,rent_escalation,"Stepped annual schedule each March 1: $6,277 (yr 1), $6,465, $6,659, $6,858, $7,064, $7,276, $7,495, $7,720, $7,951, $8,190, then $8,435 from 3/1/2014 to 9/30/2014 (roughly 3% per year). Additional rent for CAM, taxes and insurance is passed through pro rata.",none,medium,high,exact,value not visible in quote (derived or calculated),false_positive,gold says not present,correct,correct
fstr,renewal_option,None,none,medium,medium,no_quote,,both_blank,,,both_blank
fstr,renewal_notice_months,None,none,medium,medium,no_quote,,both_blank,,,both_blank
fstr,early_termination,"None at Tenant's discretion. The only Tenant termination right is for eminent domain: if a substantial portion of the Premises is taken and the rest is unsuitable, notice within 30 days of the taking. Landlord has separate termination rights (casualty, condemnation, assignment/sublease request).",none,medium,medium,whitespace,,both_blank,,,both_blank
fstr,security_deposit,"$6,277.00 cash security deposit, payable on signing","$6,277.00",high,high,exact,,correct,,,correct
nflx,landlord,"Lincoln-RECP Old Oakland OPCO, LLC, a Delaware limited liability company (original landlord); later assigned to Joseph A. Sully, an individual","LINCOLN-RECP OLD OAKLAND OPCO, LLC, a Delaware limited liability company",medium,medium,exact,,partial,one answer is a fragment of the other,,partial
nflx,tenant,"NetFlix.com, a Delaware corporation","NetFlix.com, a Delaware corporation",high,high,exact,,correct,,,correct
nflx,premises_address,"2219 Old Oakland Road, San Jose, California 95131-1402 (no suite given). Second Amendment adds contiguous space at 2217 Old Oakland Road from Feb 1, 2000.","2219 Old Oakland Road San Jose, California 95131-1402",medium,high,exact,value not visible in quote (derived or calculated),partial,one answer is a fragment of the other,correct,correct
nflx,rentable_area_sqft,"31,830 rentable square feet at lease start (original premises)","Approximately 31,830 rentable square feet as shown on Exhibit A",high,high,exact,,correct,,,correct
nflx,commencement_date,"December 7, 1999","November 1, 1999",high,high,exact,,wrong,1999-12-07 vs 1999-11-01,correct,correct
nflx,expiration_date,"December 6, 2004","October 31, 2004",high,high,whitespace,,wrong,2004-12-06 vs 2004-10-31,correct,correct
nflx,initial_monthly_base_rent,"$36,605.00 per month for the original premises (31,830 sq ft)","$36,605.00",medium,medium,exact,,correct,,,correct
nflx,rent_escalation,"Stepped schedule with annual increases on December 7 each year (original premises monthly rent): $38,196 (12/7/00), $39,788 (12/7/01), $41,379 (12/7/02), $42,971 (12/7/03). After the Second Amendment the aggregate monthly rent with the Additional Premises is $69,984, $72,901, $75,816 and $78,733 for the same periods.","Adjustment to Base Rent: November 1, 2000 $38,196.00 November 1, 2001 $39,788.00 November 1, 2002 $41,379.00 November 1, 2003 $42,971.00",medium,high,exact,value not visible in quote (derived or calculated),wrong,"numbers differ [0.0, 1.0, 2.0, 3.0, 7.0, 12.0, 38196.0, 39788.0, 41379.0, 42971.0, 69984.0, 72901.0, 75816.0, 78733.0] vs [1.0, 2000.0, 2001.0, 2002.0, 2003.0, 38196.0, 39788.0, 41379.0, 42971.0]",correct,correct
nflx,renewal_option,None,none,medium,medium,no_quote,,both_blank,,,both_blank
nflx,renewal_notice_months,None,none,medium,medium,no_quote,,both_blank,,,both_blank
nflx,early_termination,"None. Section 41 originally gave a one-time Tenant termination option effective at month 37, with 9 months' notice and a $206,895 fee. The Second Amendment deleted it entirely.","Notwithstanding the foregoing to the contrary, (A) in the event that for reasons other than the occurrence of a Force Majeure Delay (as hereinafter defined) or a Tenant Delay (as hereinafter defined) the substantial completion of the Tenant Improvements (""T.I. Completion"") has not occurred by the date which is one hundred twenty (120) days after the date the Lease is fully executed (""Termination Date""), Tenant may elect to terminate the Lease. Termination of the Lease by Tenant as provided for herein shall be the sole and exclusive remedy of Tenant for Landlord's failure to deliver the Premises. Tenant shall exercise the right to terminate provided for herein by giving Landlord written notice of its intent to so terminate (""Termination Notice""). The Termination Notice shall be given, if at all, on or before the date which is five (5) days after the Termination Date. Termination of the Lease shall he effective sixty (GO) days after Landlord's receipt of the Termination Notice. In the event that Tenant gives the Termination Notice, and in the further event that during such sixty (60) day period, the TI Completion Date occurs, the Tenant shall not be",medium,high,whitespace,value not visible in quote (derived or calculated),missed,model returned nothing,correct,correct
nflx,security_deposit,"$402,000.00 cash security deposit (current, per Third Amendment). The original deposit was $219,630; the Second Amendment replaced it with a $402,000 letter of credit, and the Third Amendment replaced the letter of credit with cash.","$219,630.00",medium,medium,whitespace,,wrong,402000.0 vs 219630.0,,wrong
ngx,landlord,"Three Sisters Ranch Enterprises LLC, a California limited liability company",Three Sisters Ranch Enterprises LLC,high,high,whitespace,,partial,one answer is a fragment of the other,,partial
ngx,tenant,"Advanced Analgesics, Inc., a California corporation","Advanced Analgesics, Inc., a California corporation",high,high,exact,,correct,,,correct
ngx,premises_address,"969 Industrial Road, Suite C, San Carlos, California (San Carlos Business Park)","969 Industrial Road, Suite C, San Carlos, California",high,high,exact,,correct,contained,,correct
ngx,rentable_area_sqft,"Approximately 4,812 square feet","That approximately 4,812± square feet",high,high,exact,,correct,,,correct
ngx,commencement_date,"Conditional: Term Commencement Date is the earlier of tenant taking possession or Landlord's written notice that Tenant may occupy (Estimated Term Commencement Date: August 15, 2000). Early occupancy is permitted on or after August 1, 2000, subject to conditions.","August 15, 2000",low,low,exact,,partial,one answer is a fragment of the other,correct,correct
ngx,expiration_date,"August 31, 2003 (three-year term)","August 31, 2003",high,high,exact,,partial,one answer is a fragment of the other,correct,correct
ngx,initial_monthly_base_rent,"$21,654.00 per month (NNN), Months 1-12 at $4.50/sq.ft/mo.","$21,654.00",high,high,exact,,correct,,,correct
ngx,rent_escalation,"Stepped annual schedule: Months 1-12 $4.50/sq.ft/mo. ($21,654.00/mo.); Months 13-24 $4.68/sq.ft/mo. ($22,520.16/mo.); Months 25-36 $4.87/sq.ft/mo. ($23,434.44/mo.). All NNN, so Tenant also pays its proportionate share of Basic Operating Cost.","Months 13 - 24: $4.68/sq.ft/mo. NNN = $22,520.16/mo. Months 25 - 36: $4.87/sq.ft/mo. NNN = $23,434.44/mo.",medium,high,exact,value not visible in quote (derived or calculated),wrong,"numbers differ [1.0, 4.5, 4.68, 4.87, 12.0, 13.0, 24.0, 25.0, 36.0, 21654.0, 22520.16, 23434.44] vs [4.68, 4.87, 13.0, 24.0, 25.0, 36.0, 22520.16, 23434.44]",correct,correct
ngx,renewal_option,None. The lease grants no renewal or extension option. ¶40 only sets conditions on any option Landlord may provide now or later.,"40. In the event that Landlord now or hereafter provides Tenant with any option to renew this Lease for any additional period after the expiration of the Term, Tenant shall not have the right to exercise such option if (a) Tenant is in default of any terms of the Lease at the time that Tenant’s right to exercise the option is in effect, (b) Tenant has been in default of any terms of the Lease three (3) or more times during the Term of the Lease, or (c) Tenant has assigned this Lease or sublet the Premises or any portion thereof with or without the consent of Landlord.",medium,medium,exact,,missed,model returned nothing,correct,correct
ngx,renewal_notice_months,None,none,medium,medium,no_quote,,both_blank,,,both_blank
ngx,early_termination,"No voluntary early termination right. Tenant may terminate only after major casualty damage (repairs over 180 days, or Landlord failing to finish repairs in time). No termination fee is stated.",none,medium,medium,exact,,both_blank,,,both_blank
ngx,security_deposit,"Cash Security Deposit of $23,500 plus CAM, plus an Additional Security Deposit in the form of a standby Letter of Credit of $129,924.00 (six months' rent) as a condition of occupancy. The Letter of Credit is $135,120.96 for year 2 and $140,606.64 for year 3.","$23,500",medium,medium,exact,,correct,,,correct
sem,landlord,"Old Gettysburg Associates (acting by its general partner, Select Capital Commercial Properties, Inc.)",Old Gettysburg Associates,medium,high,exact,value not visible in quote (derived or calculated),partial,one answer is a fragment of the other,,partial
sem,tenant,Select Medical Corporation,Select Medical Corporation,high,high,exact,,correct,,,correct
sem,premises_address,"Suite 201, Executive Park West I, 4718 Old Gettysburg Rd, Mechanicsburg, PA 17055","Executive Park West I, 4718 Old Gettysburg Rd, Mechanicsburg, PA 17055, Suite 201",medium,high,exact,value not visible in quote (derived or calculated),correct,"numbers match, fuzzy 0.87",,correct
sem,rentable_area_sqft,"Approx. 1,606 rentable square feet","36,626",high,high,exact,,wrong,1606.0 vs 36626.0,correct,correct
sem,commencement_date,"March 1, 2007 per the Basic Lease Information. Under Section 2.01 the Commencement Date is the earlier of (a) that date, provided Landlord has delivered the Premises with the Building Standard improvements substantially completed, or (b) Tenant's occupancy for the conduct of its business.",3/1/07,low,low,exact,,wrong,"numbers differ [1.0, 2.01, 2007.0] vs [1.0, 3.0, 7.0]",correct,correct
sem,expiration_date,"February 28, 2012",2/28/12,medium,high,whitespace,value not visible in quote (derived or calculated),correct,,,correct
sem,initial_monthly_base_rent,"$2,494.65 per month (Initial Annual Base Rental of $29,935.84 divided by 12)","$2,494.63",medium,medium,whitespace,,correct,,,correct
sem,rent_escalation,Annual Base Rental increases 3.5% (cumulative) on each anniversary of the Commencement Date.,none,medium,medium,whitespace,,false_positive,gold says not present,correct,correct
sem,renewal_option,None,none,medium,medium,no_quote,,both_blank,,,both_blank
sem,renewal_notice_months,None,none,medium,medium,no_quote,,both_blank,,,both_blank
sem,early_termination,"None. The lease gives Tenant no right to terminate early. Landlord has termination rights on casualty (Art. 16), on a Tenant request to assign or sublet (Art. 18), and on default. Either party may terminate on condemnation that renders the Premises untenantable (Art. 17).",none,medium,medium,whitespace,,both_blank,,,both_blank
sem,security_deposit,$0 (no security deposit required),0,high,high,whitespace,,correct,,,correct
srcint,landlord,"High Properties, a Pennsylvania limited partnership",HIGH PROPERTIES,high,high,exact,,partial,one answer is a fragment of the other,,partial
srcint,tenant,"The Chas. Levy Circulating Company, LLC, a Delaware limited liability company","THE CHAS. LEVY CIRCULATING COMPANY, LLC",high,high,whitespace,,partial,one answer is a fragment of the other,,partial
srcint,premises_address,"1850 Colonial Village Lane, Lancaster, Pennsylvania 17601 (Building 40, Greenfield Corporate Center, East Lampeter Township); Premises are the entire building","1850 COLONIAL VILLAGE LANE LANCASTER, PENNSYLVANIA 17601",medium,high,whitespace,value not visible in quote (derived or calculated),partial,one answer is a fragment of the other,correct,correct
srcint,rentable_area_sqft,"105,600 square feet","105,600 Square Feet",high,high,exact,,correct,,,correct
srcint,commencement_date,"July 1, 2000, subject to adjustment under Section 2.2/3 if Tenant Improvements are not Substantially Completed by then","July 1, 2000",medium,medium,whitespace,,partial,one answer is a fragment of the other,correct,correct
srcint,expiration_date,"August 31, 2005","August 31, 2005",high,high,exact,,correct,,,correct
srcint,initial_monthly_base_rent,"$0 (no rent due) for July 1 – Aug 31, 2000; first paying rent is $35,024.00 per month from Sept 1, 2000","$31,200",medium,medium,exact,,wrong,0.0 vs 31200.0,correct,correct
srcint,rent_escalation,"Stepped annual schedule: $35,024 (9/1/00–8/31/01), $35,904 (9/1/01–8/31/02), $36,784 (9/1/02–8/31/03), $37,664 (9/1/03–8/31/04), $38,544 (9/1/04–8/31/05); i.e. +$880 per month each year (about $0.10 psf); first two months free","Monthly Base Rent: July 1, 2000 to August 31,2000 - NO RENT DUE September 1, 2000 to August 31, 2001 - $35,024.00 - $3.98 psf  2  September 1, 2001 to August 31, 2002 - $35,904.00 - $4.08 psf September 1, 2002 to August 31, 2003 - $36,784.00 - $4.18 psf September 1, 2003 to August 31, 2004 - $37,664.00 - $4.28 psf September 1, 2004 to August 31, 2005 - $38,544.00 - $4.38 psf",medium,high,exact,value not visible in quote (derived or calculated),wrong,"numbers differ [0.0, 0.1, 1.0, 2.0, 3.0, 4.0, 5.0, 8.0, 9.0, 31.0, 880.0, 35024.0, 35904.0, 36784.0, 37664.0, 38544.0] vs [1.0, 2.0, 3.98, 4.08, 4.18, 4.28, 4.38, 31.0, 2000.0, 2001.0, 2002.0, 2003.0, 2004.0, 2005.0, 35024.0, 35904.0, 36784.0, 37664.0, 38544.0, 312000.0]",correct,correct
srcint,renewal_option,"Two successive options (Option #1 and Option #2), each for one additional 5-year term, at Fair Market Value to be negotiated with annual escalations as agreed; conditioned on Tenant not being in default",none,medium,medium,whitespace,,false_positive,gold says not present,correct,correct
srcint,renewal_notice_months,6 months before the end of the current Lease Term,none,high,high,whitespace,,false_positive,gold says not present,correct,correct
srcint,early_termination,"Tenant has a cancellation option after year four of the term, on six months' advance written notice, with a termination penalty equal to all unamortized costs of Tenant improvements and commissions","Contingency: This lease agreement is contingent upon Landlord receiving an acceptable Lease Termination Agreement from current tenant by March 15, 2000",medium,medium,whitespace,,wrong,"numbers differ [4.0, 6.0] vs [15.0, 2000.0]",correct,correct
srcint,security_deposit,"$35,024.00, payable at lease execution (cash deposit)","$35,024.00",high,high,exact,,correct,,,correct
vrad,landlord,"465 Fairchild Holdings, LLC, a California limited liability company","465 FAIRCHILD HOLDINGS, LLC, a California limited liability company",high,high,exact,,correct,,,correct
vrad,tenant,"Virtual Radiologic Corporation, a Delaware corporation","VIRTUAL RADIOLOGIC CORPORATION, a Delaware corporation",high,high,exact,,correct,,,correct
vrad,premises_address,"465 Fairchild Drive, Suite 203, Mountain View, CA 94043","Suite Rentable Square Footage  203 2,442 r.s.f.  BUILDING:  465 Fairchild Drive Mountain View, CA 94043",medium,high,exact,value not visible in quote (derived or calculated),wrong,"numbers differ [203.0, 465.0, 94043.0] vs [203.0, 465.0, 2442.0, 94043.0]",correct,correct
vrad,rentable_area_sqft,"2,442 rentable square feet (Suite 203)","203 2,442 r.s.f.",high,high,exact,,wrong,2442.0 vs 203.0,correct,correct
vrad,commencement_date,"Scheduled Commencement Date is September 1, 2007. The Term commences on the later of that date and delivery of the Premises with Landlord's Tenant Improvements substantially complete. If Tenant takes approved early occupancy (Early Occupancy Date August 1, 2007), the Term commences on the date of occupancy.",09/1/2007,low,low,whitespace,,wrong,"numbers differ [1.0, 2007.0] vs [1.0, 9.0, 2007.0]",correct,correct
vrad,expiration_date,"August 30, 2012 (five-year Lease Term)",08/30/2012,medium,medium,exact,,wrong,"numbers differ [5.0, 30.0, 2012.0] vs [8.0, 30.0, 2012.0]",correct,correct
vrad,initial_monthly_base_rent,"$4,395.60 per month ($52,747.20 per year)","$4,395.60",high,high,exact,,correct,,,correct
vrad,rent_escalation,"Stepped annual schedule of monthly Base Rent: $4,395.60 (Yr 1), $4,571.42 (Yr 2), $4,754.28 (Yr 3), $4,944.45 (Yr 4), $5,142.23 (Yr 5), about 4% per year. Tenant also pays its 3.96% share of increases in Operating Expenses and Property Taxes over a 2007 base year.","(ii) For the period commencing on the 1-Year Anniversary through the day immediately preceding the first day of the calendar month in which the second annual anniversary of the Commencement Date occurs (the “2-Year Anniversary”);  $4,571.42 (per month); $54,857.04 (per year);  (iii) For the period commencing on the 2-Year Anniversary through the day immediately preceding the first day of the calendar month in which the third annual anniversary of the Commencement Date occurs (the “3-Year Anniversary”);  $4,754.28 (per month); $57,051.36 (per year);  (iv) For the period commencing on the 3-Year Anniversary through the day immediately preceding the first day of the calendar month in which the fourth annual anniversary of the Commencement Date occurs (the “4-Year Anniversary”); and  $4,944.45 (per month); $59,333.40 (per year);  (v) For the period commencing on the 4-Year Anniversary of the Commencement Date through the Expiration Date.  $5,142.23 (per month); $61,706.76 (per year);",medium,medium,exact,,wrong,"numbers differ [1.0, 2.0, 3.0, 3.96, 4.0, 5.0, 2007.0, 4395.6, 4571.42, 4754.28, 4944.45, 5142.23] vs [1.0, 2.0, 3.0, 4.0, 4571.42, 4754.28, 4944.45, 5142.23, 54857.04, 57051.36, 59333.4, 61706.76]",correct,correct
vrad,renewal_option,"One (1) option to extend the Term for one five-year period. Rent is 100% of fair market rent, and not less than the then-current Base Rent. The option is personal to the named Tenant and any Permitted Transferee.","Renewal Option (Rider No. 1 to Lease) for one (1), five (5) year terms",medium,high,whitespace,value not visible in quote (derived or calculated),wrong,"numbers differ [1.0, 5.0, 100.0] vs [1.0, 5.0]",correct,correct
vrad,renewal_notice_months,Not earlier than 12 months and not later than 9 months before expiration of the Term (minimum 9 months),"gives Landlord written notice of such election (the “Option Notice”) not earlier than twelve (12) months, and not later than nine (9) months, before the expiration of the Term of this Lease;",high,high,whitespace,,correct,,,correct
vrad,early_termination,"None. The lease grants Tenant no right to terminate early. Landlord, not Tenant, has termination rights on a proposed assignment or sublease of all or substantially all of the Premises (Para 9(b)), and either party may terminate after casualty (Para 15).",none,medium,medium,no_quote,,both_blank,,,both_blank
vrad,security_deposit,"$5,000.00","$5,000.00",high,high,exact,,correct,,,correct
